file,distance_to_goal,source_origin,source_problem,source_plan_len,num_objects,num_packages,init_applicable_actions,branch_tier,state_applicable_actions
000_d20_t3_ge41_p-TST2-n31-c2s1p23a2-7.pddl,20,probe,p-TST2-n31-c2s1p23a2-7.pddl,24,31,23,52,t3_ge41,48
001_d20_t3_ge41_p-TST2-n34-c2s1p25a3-5.pddl,20,probe,p-TST2-n34-c2s1p25a3-5.pddl,24,34,25,72,t3_ge41,64
002_d20_t3_ge41_p-TST2-n34-c2s1p26a2-3.pddl,20,probe,p-TST2-n34-c2s1p26a2-3.pddl,24,34,26,52,t3_ge41,44
003_d20_t3_ge41_p-TST2-n34-c2s1p26a2-5.pddl,20,probe,p-TST2-n34-c2s1p26a2-5.pddl,24,34,26,62,t3_ge41,54
004_d20_t2_21_40_p-VAL2-n27-c2s1p20a1-5.pddl,20,probe,p-VAL2-n27-c2s1p20a1-5.pddl,24,27,20,38,t2_21_40,34
005_d20_t3_ge41_p-VAL3-n37-c2s1p29a2-6.pddl,20,probe,p-VAL3-n37-c2s1p29a2-6.pddl,26,37,29,59,t3_ge41,59
006_d20_t3_ge41_p-VAL3-n37-c2s1p29a2-7.pddl,20,probe,p-VAL3-n37-c2s1p29a2-7.pddl,26,37,29,59,t3_ge41,59
007_d20_t3_ge41_p-VAL3-n38-c2s1p29a3-1.pddl,20,probe,p-VAL3-n38-c2s1p29a3-1.pddl,26,38,29,79,t3_ge41,76
008_d20_t3_ge41_p-VAL3-n38-c2s1p29a3-6.pddl,20,probe,p-VAL3-n38-c2s1p29a3-6.pddl,26,38,29,73,t3_ge41,70
009_d20_t3_ge41_p-VAL3-n38-c2s1p29a3-7.pddl,20,probe,p-VAL3-n38-c2s1p29a3-7.pddl,26,38,29,78,t3_ge41,72
010_d21_t3_ge41_p-VAL3-n35-c2s1p28a1-2.pddl,21,probe,p-VAL3-n35-c2s1p28a1-2.pddl,26,35,28,47,t3_ge41,42
011_d21_t3_ge41_p-VAL3-n35-c2s1p28a1-8.pddl,21,probe,p-VAL3-n35-c2s1p28a1-8.pddl,26,35,28,42,t3_ge41,50
012_d21_t3_ge41_p-VAL3-n36-c2s1p28a2-2.pddl,21,probe,p-VAL3-n36-c2s1p28a2-2.pddl,26,36,28,64,t3_ge41,54
013_d21_t3_ge41_p-VAL3-n36-c2s1p28a2-8.pddl,21,probe,p-VAL3-n36-c2s1p28a2-8.pddl,26,36,28,54,t3_ge41,58
014_d21_t3_ge41_p-VAL3-n36-c2s1p29a1-1.pddl,21,probe,p-VAL3-n36-c2s1p29a1-1.pddl,26,36,29,46,t3_ge41,49
015_d21_t3_ge41_p-VAL3-n36-c2s1p29a1-6.pddl,21,probe,p-VAL3-n36-c2s1p29a1-6.pddl,26,36,29,45,t3_ge41,49
016_d21_t3_ge41_p-VAL3-n36-c2s1p29a1-7.pddl,21,probe,p-VAL3-n36-c2s1p29a1-7.pddl,26,36,29,45,t3_ge41,40
017_d21_t3_ge41_p-VAL3-n37-c2s1p28a3-2.pddl,21,probe,p-VAL3-n37-c2s1p28a3-2.pddl,26,37,28,79,t3_ge41,81
018_d21_t3_ge41_p-VAL3-n37-c2s1p28a3-8.pddl,21,probe,p-VAL3-n37-c2s1p28a3-8.pddl,26,37,28,74,t3_ge41,69
019_d21_t3_ge41_p-VAL3-n37-c2s1p29a2-1.pddl,21,probe,p-VAL3-n37-c2s1p29a2-1.pddl,26,37,29,64,t3_ge41,59
020_d22_t3_ge41_p-VAL3-n32-c2s1p24a2-1.pddl,22,probe,p-VAL3-n32-c2s1p24a2-1.pddl,26,32,24,54,t3_ge41,50
021_d22_t3_ge41_p-VAL3-n32-c2s1p24a2-5.pddl,22,probe,p-VAL3-n32-c2s1p24a2-5.pddl,26,32,24,54,t3_ge41,50
022_d22_t2_21_40_p-VAL3-n32-c2s1p25a1-6.pddl,22,probe,p-VAL3-n32-c2s1p25a1-6.pddl,26,32,25,40,t2_21_40,36
023_d22_t3_ge41_p-VAL3-n33-c2s1p24a3-1.pddl,22,probe,p-VAL3-n33-c2s1p24a3-1.pddl,26,33,24,70,t3_ge41,62
024_d22_t3_ge41_p-VAL3-n33-c2s1p24a3-5.pddl,22,probe,p-VAL3-n33-c2s1p24a3-5.pddl,26,33,24,70,t3_ge41,62
025_d22_t3_ge41_p-VAL3-n33-c2s1p25a2-6.pddl,22,probe,p-VAL3-n33-c2s1p25a2-6.pddl,26,33,25,56,t3_ge41,52
026_d22_t3_ge41_p-VAL3-n33-c2s1p26a1-1.pddl,22,probe,p-VAL3-n33-c2s1p26a1-1.pddl,26,33,26,46,t3_ge41,42
027_d22_t3_ge41_p-VAL3-n34-c2s1p25a3-6.pddl,22,probe,p-VAL3-n34-c2s1p25a3-6.pddl,26,34,25,69,t3_ge41,61
028_d22_t3_ge41_p-VAL3-n34-c2s1p26a2-1.pddl,22,probe,p-VAL3-n34-c2s1p26a2-1.pddl,26,34,26,58,t3_ge41,62
029_d22_t3_ge41_p-VAL3-n35-c2s1p26a3-1.pddl,22,probe,p-VAL3-n35-c2s1p26a3-1.pddl,26,35,26,76,t3_ge41,68
030_d23_t3_ge41_p-VAL3-n28-c2s1p20a2-7.pddl,23,probe,p-VAL3-n28-c2s1p20a2-7.pddl,26,28,20,42,t3_ge41,36
031_d23_t2_21_40_p-VAL3-n28-c2s1p21a1-6.pddl,23,probe,p-VAL3-n28-c2s1p21a1-6.pddl,26,28,21,38,t2_21_40,35
032_d23_t2_21_40_p-VAL3-n28-c2s1p21a1-7.pddl,23,probe,p-VAL3-n28-c2s1p21a1-7.pddl,26,28,21,33,t2_21_40,30
033_d23_t2_21_40_p-VAL3-n29-c2s1p22a1-8.pddl,23,probe,p-VAL3-n29-c2s1p22a1-8.pddl,26,29,22,40,t2_21_40,37
034_d23_t3_ge41_p-VAL3-n30-c2s1p22a2-8.pddl,23,probe,p-VAL3-n30-c2s1p22a2-8.pddl,26,30,22,56,t3_ge41,50
035_d23_t3_ge41_p-VAL3-n30-c2s1p23a1-8.pddl,23,probe,p-VAL3-n30-c2s1p23a1-8.pddl,26,30,23,42,t3_ge41,39
036_d23_t3_ge41_p-VAL3-n31-c2s1p23a2-8.pddl,23,probe,p-VAL3-n31-c2s1p23a2-8.pddl,26,31,23,52,t3_ge41,49
037_d23_t2_21_40_p-VAL3-n31-c2s1p24a1-1.pddl,23,probe,p-VAL3-n31-c2s1p24a1-1.pddl,26,31,24,38,t2_21_40,35
038_d23_t2_21_40_p-VAL3-n31-c2s1p24a1-5.pddl,23,probe,p-VAL3-n31-c2s1p24a1-5.pddl,26,31,24,38,t2_21_40,35
039_d23_t3_ge41_p-VAL3-n32-c2s1p23a3-8.pddl,23,probe,p-VAL3-n32-c2s1p23a3-8.pddl,26,32,23,62,t3_ge41,56
040_d24_t3_ge41_p-TST2-n31-c2s1p22a3-3.pddl,24,probe,p-TST2-n31-c2s1p22a3-3.pddl,26,31,22,66,t3_ge41,62
041_d24_t3_ge41_p-TST2-n31-c2s1p22a3-8.pddl,24,probe,p-TST2-n31-c2s1p22a3-8.pddl,26,31,22,72,t3_ge41,66
042_d24_t3_ge41_p-VAL2-n29-c2s1p20a3-7.pddl,24,probe,p-VAL2-n29-c2s1p20a3-7.pddl,26,29,20,52,t3_ge41,46
043_d24_t3_ge41_p-VAL2-n29-c2s1p21a2-6.pddl,24,probe,p-VAL2-n29-c2s1p21a2-6.pddl,26,29,21,48,t3_ge41,46
044_d24_t3_ge41_p-VAL2-n29-c2s1p21a2-7.pddl,24,probe,p-VAL2-n29-c2s1p21a2-7.pddl,26,29,21,43,t3_ge41,39
045_d24_t2_21_40_p-VAL2-n29-c2s1p22a1-3.pddl,24,probe,p-VAL2-n29-c2s1p22a1-3.pddl,26,29,22,34,t2_21_40,32
046_d24_t3_ge41_p-VAL2-n30-c2s1p21a3-6.pddl,24,probe,p-VAL2-n30-c2s1p21a3-6.pddl,26,30,21,58,t3_ge41,54
047_d24_t3_ge41_p-VAL2-n30-c2s1p21a3-7.pddl,24,probe,p-VAL2-n30-c2s1p21a3-7.pddl,26,30,21,58,t3_ge41,56
048_d24_t3_ge41_p-VAL2-n30-c2s1p22a2-3.pddl,24,probe,p-VAL2-n30-c2s1p22a2-3.pddl,26,30,22,50,t3_ge41,48
049_d24_t2_21_40_p-VAL3-n27-c2s1p20a1-7.pddl,24,probe,p-VAL3-n27-c2s1p20a1-7.pddl,26,27,20,32,t2_21_40,30
050_d25_t3_ge41_p-VAL3-n33-c2s1p25a2-4.pddl,25,probe,p-VAL3-n33-c2s1p25a2-4.pddl,28,33,25,61,t3_ge41,55
051_d25_t2_21_40_p-VAL3-n33-c2s1p26a1-8.pddl,25,probe,p-VAL3-n33-c2s1p26a1-8.pddl,28,33,26,38,t2_21_40,35
052_d25_t3_ge41_p-VAL3-n34-c2s1p25a3-1.pddl,25,probe,p-VAL3-n34-c2s1p25a3-1.pddl,28,34,25,68,t3_ge41,65
053_d25_t3_ge41_p-VAL3-n35-c2s1p26a3-8.pddl,25,probe,p-VAL3-n35-c2s1p26a3-8.pddl,28,35,26,68,t3_ge41,62
054_d25_t3_ge41_p-VAL3-n35-c2s1p28a1-1.pddl,25,probe,p-VAL3-n35-c2s1p28a1-1.pddl,28,35,28,44,t3_ge41,41
055_d25_t3_ge41_p-VAL3-n36-c2s1p28a2-1.pddl,25,probe,p-VAL3-n36-c2s1p28a2-1.pddl,28,36,28,62,t3_ge41,59
056_d25_t3_ge41_p-VAL3-n36-c2s1p29a1-2.pddl,25,probe,p-VAL3-n36-c2s1p29a1-2.pddl,28,36,29,46,t3_ge41,43
057_d25_t3_ge41_p-VAL3-n36-c2s1p29a1-4.pddl,25,probe,p-VAL3-n36-c2s1p29a1-4.pddl,28,36,29,45,t3_ge41,42
058_d25_t3_ge41_p-VAL3-n38-c2s1p29a3-2.pddl,25,probe,p-VAL3-n38-c2s1p29a3-2.pddl,28,38,29,79,t3_ge41,73
059_d25_t3_ge41_p-VAL3-n38-c2s1p29a3-4.pddl,25,probe,p-VAL3-n38-c2s1p29a3-4.pddl,28,38,29,78,t3_ge41,72
060_d26_t3_ge41_p-VAL3-n29-c2s1p20a3-4.pddl,26,probe,p-VAL3-n29-c2s1p20a3-4.pddl,28,29,20,57,t3_ge41,53
061_d26_t3_ge41_p-VAL3-n29-c2s1p21a2-5.pddl,26,probe,p-VAL3-n29-c2s1p21a2-5.pddl,28,29,21,41,t3_ge41,37
062_d26_t3_ge41_p-VAL3-n30-c2s1p21a3-5.pddl,26,probe,p-VAL3-n30-c2s1p21a3-5.pddl,28,30,21,57,t3_ge41,55
063_d26_t3_ge41_p-VAL3-n31-c2s1p22a3-6.pddl,26,probe,p-VAL3-n31-c2s1p22a3-6.pddl,28,31,22,65,t3_ge41,61
064_d26_t3_ge41_p-VAL3-n31-c2s1p24a1-7.pddl,26,probe,p-VAL3-n31-c2s1p24a1-7.pddl,28,31,24,42,t3_ge41,40
065_d26_t3_ge41_p-VAL3-n32-c2s1p24a2-7.pddl,26,probe,p-VAL3-n32-c2s1p24a2-7.pddl,28,32,24,58,t3_ge41,54
066_d26_t2_21_40_p-VAL3-n32-c2s1p25a1-1.pddl,26,probe,p-VAL3-n32-c2s1p25a1-1.pddl,28,32,25,39,t2_21_40,37
067_d26_t3_ge41_p-VAL3-n32-c2s1p25a1-4.pddl,26,probe,p-VAL3-n32-c2s1p25a1-4.pddl,28,32,25,44,t3_ge41,42
068_d26_t3_ge41_p-VAL3-n33-c2s1p24a3-7.pddl,26,probe,p-VAL3-n33-c2s1p24a3-7.pddl,28,33,24,74,t3_ge41,68
069_d26_t3_ge41_p-VAL3-n33-c2s1p25a2-1.pddl,26,probe,p-VAL3-n33-c2s1p25a2-1.pddl,28,33,25,51,t3_ge41,47
070_d27_t3_ge41_p-TST2-n37-c2s1p29a2-2.pddl,27,probe,p-TST2-n37-c2s1p29a2-2.pddl,28,37,29,64,t3_ge41,63
071_d27_t3_ge41_p-TST2-n37-c2s1p29a2-4.pddl,27,probe,p-TST2-n37-c2s1p29a2-4.pddl,28,37,29,64,t3_ge41,63
072_d27_t2_21_40_p-VAL2-n27-c2s1p20a1-4.pddl,27,probe,p-VAL2-n27-c2s1p20a1-4.pddl,28,27,20,33,t2_21_40,32
073_d27_t3_ge41_p-VAL2-n28-c2s1p20a2-4.pddl,27,probe,p-VAL2-n28-c2s1p20a2-4.pddl,28,28,20,46,t3_ge41,45
074_d27_t2_21_40_p-VAL2-n28-c2s1p21a1-5.pddl,27,probe,p-VAL2-n28-c2s1p21a1-5.pddl,28,28,21,32,t2_21_40,31
075_d27_t3_ge41_p-VAL2-n29-c2s1p21a2-2.pddl,27,probe,p-VAL2-n29-c2s1p21a2-2.pddl,28,29,21,48,t3_ge41,47
076_d27_t2_21_40_p-VAL2-n29-c2s1p22a1-6.pddl,27,probe,p-VAL2-n29-c2s1p22a1-6.pddl,28,29,22,35,t2_21_40,34
077_d27_t3_ge41_p-VAL2-n30-c2s1p21a3-2.pddl,27,probe,p-VAL2-n30-c2s1p21a3-2.pddl,28,30,21,61,t3_ge41,59
078_d27_t3_ge41_p-VAL2-n30-c2s1p22a2-6.pddl,27,probe,p-VAL2-n30-c2s1p22a2-6.pddl,28,30,22,50,t3_ge41,49
079_d27_t2_21_40_p-VAL3-n28-c2s1p21a1-2.pddl,27,probe,p-VAL3-n28-c2s1p21a1-2.pddl,28,28,21,36,t2_21_40,35
080_d28_t3_ge41_p-TST2-n34-c2s1p25a3-4.pddl,28,probe,p-TST2-n34-c2s1p25a3-4.pddl,28,34,25,73,t3_ge41,73
081_d28_t3_ge41_p-TST2-n34-c2s1p26a2-8.pddl,28,probe,p-TST2-n34-c2s1p26a2-8.pddl,28,34,26,58,t3_ge41,58
082_d28_t3_ge41_p-TST2-n37-c2s1p28a3-1.pddl,28,probe,p-TST2-n37-c2s1p28a3-1.pddl,28,37,28,80,t3_ge41,80
083_d28_t3_ge41_p-VAL3-n35-c2s1p26a3-6.pddl,28,probe,p-VAL3-n35-c2s1p26a3-6.pddl,30,35,26,67,t3_ge41,61
084_d28_t3_ge41_p-VAL3-n35-c2s1p26a3-7.pddl,28,probe,p-VAL3-n35-c2s1p26a3-7.pddl,30,35,26,75,t3_ge41,73
085_d28_t3_ge41_p-VAL3-n35-c2s1p27a2-6.pddl,28,probe,p-VAL3-n35-c2s1p27a2-6.pddl,30,35,27,55,t3_ge41,51
086_d28_t3_ge41_p-VAL3-n35-c2s1p28a1-4.pddl,28,probe,p-VAL3-n35-c2s1p28a1-4.pddl,30,35,28,44,t3_ge41,42
087_d28_t3_ge41_p-VAL3-n36-c2s1p27a3-6.pddl,28,probe,p-VAL3-n36-c2s1p27a3-6.pddl,30,36,27,73,t3_ge41,71
088_d28_t3_ge41_p-VAL3-n36-c2s1p28a2-4.pddl,28,probe,p-VAL3-n36-c2s1p28a2-4.pddl,30,36,28,62,t3_ge41,60
089_d28_t3_ge41_p-VAL3-n37-c2s1p28a3-4.pddl,28,probe,p-VAL3-n37-c2s1p28a3-4.pddl,30,37,28,80,t3_ge41,76
090_d29_t3_ge41_p-VAL3-n32-c2s1p25a1-8.pddl,29,probe,p-VAL3-n32-c2s1p25a1-8.pddl,30,32,25,46,t3_ge41,45
091_d29_t3_ge41_p-VAL3-n33-c2s1p24a3-3.pddl,29,probe,p-VAL3-n33-c2s1p24a3-3.pddl,30,33,24,71,t3_ge41,69
092_d29_t3_ge41_p-VAL3-n33-c2s1p25a2-8.pddl,29,probe,p-VAL3-n33-c2s1p25a2-8.pddl,30,33,25,56,t3_ge41,55
093_d29_t3_ge41_p-VAL3-n33-c2s1p26a1-4.pddl,29,probe,p-VAL3-n33-c2s1p26a1-4.pddl,30,33,26,45,t3_ge41,44
094_d29_t3_ge41_p-VAL3-n33-c2s1p26a1-6.pddl,29,probe,p-VAL3-n33-c2s1p26a1-6.pddl,30,33,26,41,t3_ge41,40
095_d29_t3_ge41_p-VAL3-n33-c2s1p26a1-7.pddl,29,probe,p-VAL3-n33-c2s1p26a1-7.pddl,30,33,26,45,t3_ge41,44
096_d29_t3_ge41_p-VAL3-n34-c2s1p26a2-6.pddl,29,probe,p-VAL3-n34-c2s1p26a2-6.pddl,30,34,26,54,t3_ge41,52
097_d29_t3_ge41_p-VAL3-n34-c2s1p26a2-7.pddl,29,probe,p-VAL3-n34-c2s1p26a2-7.pddl,30,34,26,62,t3_ge41,60
098_d29_t3_ge41_p-VAL3-n34-c2s1p27a1-6.pddl,29,probe,p-VAL3-n34-c2s1p27a1-6.pddl,30,34,27,42,t3_ge41,41
099_d29_t3_ge41_p-VAL3-n35-c2s1p26a3-4.pddl,29,probe,p-VAL3-n35-c2s1p26a3-4.pddl,30,35,26,75,t3_ge41,74
100_d30_t3_ge41_p-TST2-n31-c2s1p22a3-5.pddl,30,probe,p-TST2-n31-c2s1p22a3-5.pddl,30,31,22,66,t3_ge41,66
101_d30_t3_ge41_p-TST2-n34-c2s1p25a3-8.pddl,30,probe,p-TST2-n34-c2s1p25a3-8.pddl,30,34,25,66,t3_ge41,66
102_d30_t3_ge41_p-TST2-n34-c2s1p26a2-4.pddl,30,probe,p-TST2-n34-c2s1p26a2-4.pddl,30,34,26,62,t3_ge41,62
103_d30_t2_21_40_p-VAL2-n28-c2s1p21a1-1.pddl,30,probe,p-VAL2-n28-c2s1p21a1-1.pddl,30,28,21,38,t2_21_40,38
104_d30_t3_ge41_p-VAL3-n29-c2s1p21a2-1.pddl,30,probe,p-VAL3-n29-c2s1p21a2-1.pddl,30,29,21,53,t3_ge41,53
105_d30_t2_21_40_p-VAL3-n29-c2s1p22a1-5.pddl,30,probe,p-VAL3-n29-c2s1p22a1-5.pddl,30,29,22,40,t2_21_40,40
106_d30_t3_ge41_p-VAL3-n30-c2s1p21a3-1.pddl,30,probe,p-VAL3-n30-c2s1p21a3-1.pddl,30,30,21,63,t3_ge41,63
107_d30_t3_ge41_p-VAL3-n30-c2s1p22a2-5.pddl,30,probe,p-VAL3-n30-c2s1p22a2-5.pddl,30,30,22,56,t3_ge41,56
108_d30_t3_ge41_p-VAL3-n31-c2s1p24a1-3.pddl,30,probe,p-VAL3-n31-c2s1p24a1-3.pddl,30,31,24,43,t3_ge41,43
109_d30_t3_ge41_p-VAL3-n32-c2s1p24a2-3.pddl,30,probe,p-VAL3-n32-c2s1p24a2-3.pddl,30,32,24,54,t3_ge41,54
110_d31_t3_ge41_p-TST2-n34-c2s1p25a3-2.pddl,31,probe,p-TST2-n34-c2s1p25a3-2.pddl,32,34,25,72,t3_ge41,71
111_d31_t3_ge41_p-VAL3-n36-c2s1p27a3-8.pddl,31,probe,p-VAL3-n36-c2s1p27a3-8.pddl,32,36,27,71,t3_ge41,69
112_d31_t3_ge41_p-VAL3-n36-c2s1p28a2-5.pddl,31,probe,p-VAL3-n36-c2s1p28a2-5.pddl,34,36,28,66,t3_ge41,60
113_d31_t3_ge41_p-VAL3-n36-c2s1p28a2-7.pddl,31,probe,p-VAL3-n36-c2s1p28a2-7.pddl,34,36,28,62,t3_ge41,59
114_d31_t3_ge41_p-VAL3-n36-c2s1p29a1-3.pddl,31,probe,p-VAL3-n36-c2s1p29a1-3.pddl,32,36,29,43,t3_ge41,42
115_d31_t3_ge41_p-VAL3-n36-c2s1p29a1-8.pddl,31,probe,p-VAL3-n36-c2s1p29a1-8.pddl,32,36,29,43,t3_ge41,42
116_d31_t3_ge41_p-VAL3-n37-c2s1p28a3-3.pddl,31,probe,p-VAL3-n37-c2s1p28a3-3.pddl,34,37,28,74,t3_ge41,71
117_d31_t3_ge41_p-VAL3-n37-c2s1p28a3-5.pddl,31,probe,p-VAL3-n37-c2s1p28a3-5.pddl,34,37,28,84,t3_ge41,75
118_d31_t3_ge41_p-VAL3-n38-c2s1p29a3-3.pddl,31,probe,p-VAL3-n38-c2s1p29a3-3.pddl,32,38,29,76,t3_ge41,75
119_d31_t3_ge41_p-VAL3-n38-c2s1p29a3-8.pddl,31,probe,p-VAL3-n38-c2s1p29a3-8.pddl,32,38,29,85,t3_ge41,83
120_d32_t3_ge41_p-TST2-n34-c2s1p25a3-2.pddl,32,probe,p-TST2-n34-c2s1p25a3-2.pddl,32,34,25,72,t3_ge41,72
121_d32_t3_ge41_p-TST2-n37-c2s1p29a2-3.pddl,32,probe,p-TST2-n37-c2s1p29a2-3.pddl,32,37,29,55,t3_ge41,55
122_d32_t3_ge41_p-TST2-n37-c2s1p29a2-8.pddl,32,probe,p-TST2-n37-c2s1p29a2-8.pddl,32,37,29,64,t3_ge41,64
123_d32_t3_ge41_p-VAL3-n32-c2s1p25a1-2.pddl,32,probe,p-VAL3-n32-c2s1p25a1-2.pddl,32,32,25,43,t3_ge41,43
124_d32_t3_ge41_p-VAL3-n33-c2s1p25a2-2.pddl,32,probe,p-VAL3-n33-c2s1p25a2-2.pddl,32,33,25,59,t3_ge41,59
125_d32_t3_ge41_p-VAL3-n34-c2s1p27a1-5.pddl,32,probe,p-VAL3-n34-c2s1p27a1-5.pddl,32,34,27,42,t3_ge41,42
126_d32_t3_ge41_p-VAL3-n34-c2s1p27a1-8.pddl,32,probe,p-VAL3-n34-c2s1p27a1-8.pddl,32,34,27,49,t3_ge41,49
127_d32_t3_ge41_p-VAL3-n35-c2s1p27a2-5.pddl,32,probe,p-VAL3-n35-c2s1p27a2-5.pddl,32,35,27,60,t3_ge41,60
128_d32_t3_ge41_p-VAL3-n35-c2s1p27a2-8.pddl,32,probe,p-VAL3-n35-c2s1p27a2-8.pddl,32,35,27,60,t3_ge41,60
129_d32_t3_ge41_p-VAL3-n36-c2s1p27a3-5.pddl,32,probe,p-VAL3-n36-c2s1p27a3-5.pddl,32,36,27,78,t3_ge41,78
130_d33_t3_ge41_p-TST2-n34-c2s1p25a3-3.pddl,33,probe,p-TST2-n34-c2s1p25a3-3.pddl,34,34,25,68,t3_ge41,66
131_d33_t3_ge41_p-TST2-n37-c2s1p28a3-7.pddl,33,probe,p-TST2-n37-c2s1p28a3-7.pddl,34,37,28,81,t3_ge41,79
132_d33_t3_ge41_p-VAL3-n32-c2s1p25a1-3.pddl,33,probe,p-VAL3-n32-c2s1p25a1-3.pddl,34,32,25,44,t3_ge41,43
133_d33_t3_ge41_p-VAL3-n33-c2s1p25a2-3.pddl,33,probe,p-VAL3-n33-c2s1p25a2-3.pddl,34,33,25,56,t3_ge41,55
134_d33_t3_ge41_p-VAL3-n35-c2s1p28a1-3.pddl,33,probe,p-VAL3-n35-c2s1p28a1-3.pddl,34,35,28,42,t3_ge41,41
135_d33_t3_ge41_p-VAL3-n35-c2s1p28a1-5.pddl,33,probe,p-VAL3-n35-c2s1p28a1-5.pddl,34,35,28,48,t3_ge41,47
136_d33_t3_ge41_p-VAL3-n35-c2s1p28a1-7.pddl,33,probe,p-VAL3-n35-c2s1p28a1-7.pddl,34,35,28,49,t3_ge41,48
137_d33_t3_ge41_p-VAL3-n36-c2s1p28a2-3.pddl,33,probe,p-VAL3-n36-c2s1p28a2-3.pddl,34,36,28,54,t3_ge41,52
138_d33_t3_ge41_p-VAL3-n37-c2s1p28a3-3.pddl,33,probe,p-VAL3-n37-c2s1p28a3-3.pddl,34,37,28,74,t3_ge41,73
139_d33_t3_ge41_p-VAL3-n37-c2s1p28a3-5.pddl,33,probe,p-VAL3-n37-c2s1p28a3-5.pddl,34,37,28,84,t3_ge41,81
140_d34_t3_ge41_p-TST2-n34-c2s1p25a3-3.pddl,34,probe,p-TST2-n34-c2s1p25a3-3.pddl,34,34,25,68,t3_ge41,68
141_d34_t3_ge41_p-TST2-n37-c2s1p28a3-7.pddl,34,probe,p-TST2-n37-c2s1p28a3-7.pddl,34,37,28,81,t3_ge41,81
142_d34_t3_ge41_p-VAL3-n32-c2s1p25a1-3.pddl,34,probe,p-VAL3-n32-c2s1p25a1-3.pddl,34,32,25,44,t3_ge41,44
143_d34_t3_ge41_p-VAL3-n33-c2s1p25a2-3.pddl,34,probe,p-VAL3-n33-c2s1p25a2-3.pddl,34,33,25,56,t3_ge41,56
144_d34_t3_ge41_p-VAL3-n35-c2s1p28a1-3.pddl,34,probe,p-VAL3-n35-c2s1p28a1-3.pddl,34,35,28,42,t3_ge41,42
145_d34_t3_ge41_p-VAL3-n35-c2s1p28a1-5.pddl,34,probe,p-VAL3-n35-c2s1p28a1-5.pddl,34,35,28,48,t3_ge41,48
146_d34_t3_ge41_p-VAL3-n35-c2s1p28a1-7.pddl,34,probe,p-VAL3-n35-c2s1p28a1-7.pddl,34,35,28,49,t3_ge41,49
147_d34_t3_ge41_p-VAL3-n36-c2s1p28a2-3.pddl,34,probe,p-VAL3-n36-c2s1p28a2-3.pddl,34,36,28,54,t3_ge41,54
148_d34_t3_ge41_p-VAL3-n36-c2s1p28a2-5.pddl,34,probe,p-VAL3-n36-c2s1p28a2-5.pddl,34,36,28,66,t3_ge41,66
149_d34_t3_ge41_p-VAL3-n36-c2s1p28a2-7.pddl,34,probe,p-VAL3-n36-c2s1p28a2-7.pddl,34,36,28,62,t3_ge41,62
150_d35_t3_ge41_p-TST2-n37-c2s1p28a3-6.pddl,35,probe,p-TST2-n37-c2s1p28a3-6.pddl,36,37,28,81,t3_ge41,79
151_d35_t2_21_40_p-VAL2-n30-c2s1p23a1-2.pddl,35,probe,p-VAL2-n30-c2s1p23a1-2.pddl,36,30,23,39,t2_21_40,38
152_d35_t3_ge41_p-VAL3-n31-c2s1p23a2-2.pddl,35,probe,p-VAL3-n31-c2s1p23a2-2.pddl,36,31,23,52,t3_ge41,51
153_d35_t3_ge41_p-VAL3-n32-c2s1p23a3-2.pddl,35,probe,p-VAL3-n32-c2s1p23a3-2.pddl,36,32,23,65,t3_ge41,63
154_d35_t3_ge41_p-VAL3-n34-c2s1p27a1-1.pddl,35,probe,p-VAL3-n34-c2s1p27a1-1.pddl,38,34,27,42,t3_ge41,39
155_d35_t3_ge41_p-VAL3-n34-c2s1p27a1-2.pddl,35,probe,p-VAL3-n34-c2s1p27a1-2.pddl,36,34,27,46,t3_ge41,45
156_d35_t3_ge41_p-VAL3-n35-c2s1p27a2-2.pddl,35,probe,p-VAL3-n35-c2s1p27a2-2.pddl,36,35,27,63,t3_ge41,61
157_d35_t3_ge41_p-VAL3-n35-c2s1p28a1-6.pddl,35,probe,p-VAL3-n35-c2s1p28a1-6.pddl,36,35,28,43,t3_ge41,42
158_d35_t3_ge41_p-VAL3-n36-c2s1p27a3-2.pddl,35,probe,p-VAL3-n36-c2s1p27a3-2.pddl,36,36,27,77,t3_ge41,76
159_d35_t3_ge41_p-VAL3-n36-c2s1p28a2-6.pddl,35,probe,p-VAL3-n36-c2s1p28a2-6.pddl,36,36,28,62,t3_ge41,61
160_d36_t3_ge41_p-TST2-n37-c2s1p28a3-6.pddl,36,probe,p-TST2-n37-c2s1p28a3-6.pddl,36,37,28,81,t3_ge41,81
161_d36_t3_ge41_p-TST2-n37-c2s1p29a2-5.pddl,36,probe,p-TST2-n37-c2s1p29a2-5.pddl,38,37,29,64,t3_ge41,62
162_d36_t2_21_40_p-VAL2-n30-c2s1p23a1-2.pddl,36,probe,p-VAL2-n30-c2s1p23a1-2.pddl,36,30,23,39,t2_21_40,39
163_d36_t3_ge41_p-VAL3-n31-c2s1p23a2-2.pddl,36,probe,p-VAL3-n31-c2s1p23a2-2.pddl,36,31,23,52,t3_ge41,52
164_d36_t3_ge41_p-VAL3-n32-c2s1p23a3-2.pddl,36,probe,p-VAL3-n32-c2s1p23a3-2.pddl,36,32,23,65,t3_ge41,65
165_d36_t3_ge41_p-VAL3-n34-c2s1p27a1-2.pddl,36,probe,p-VAL3-n34-c2s1p27a1-2.pddl,36,34,27,46,t3_ge41,46
166_d36_t3_ge41_p-VAL3-n35-c2s1p27a2-2.pddl,36,probe,p-VAL3-n35-c2s1p27a2-2.pddl,36,35,27,63,t3_ge41,63
167_d36_t3_ge41_p-VAL3-n35-c2s1p28a1-6.pddl,36,probe,p-VAL3-n35-c2s1p28a1-6.pddl,36,35,28,43,t3_ge41,43
168_d36_t3_ge41_p-VAL3-n36-c2s1p27a3-2.pddl,36,probe,p-VAL3-n36-c2s1p27a3-2.pddl,36,36,27,77,t3_ge41,77
169_d36_t3_ge41_p-VAL3-n36-c2s1p28a2-6.pddl,36,probe,p-VAL3-n36-c2s1p28a2-6.pddl,36,36,28,62,t3_ge41,62
170_d37_t3_ge41_p-TST2-n37-c2s1p29a2-5.pddl,37,probe,p-TST2-n37-c2s1p29a2-5.pddl,38,37,29,64,t3_ge41,63
171_d37_t3_ge41_p-VAL3-n34-c2s1p27a1-1.pddl,37,probe,p-VAL3-n34-c2s1p27a1-1.pddl,38,34,27,42,t3_ge41,41
172_d37_t3_ge41_p-VAL3-n34-c2s1p27a1-7.pddl,37,probe,p-VAL3-n34-c2s1p27a1-7.pddl,40,34,27,42,t3_ge41,39
173_d37_t3_ge41_p-VAL3-n35-c2s1p27a2-1.pddl,37,probe,p-VAL3-n35-c2s1p27a2-1.pddl,38,35,27,55,t3_ge41,53
174_d37_t3_ge41_p-VAL3-n35-c2s1p27a2-4.pddl,37,probe,p-VAL3-n35-c2s1p27a2-4.pddl,44,35,27,63,t3_ge41,49
175_d37_t3_ge41_p-VAL3-n35-c2s1p27a2-7.pddl,37,probe,p-VAL3-n35-c2s1p27a2-7.pddl,40,35,27,55,t3_ge41,49
176_d37_t3_ge41_p-VAL3-n36-c2s1p27a3-1.pddl,37,probe,p-VAL3-n36-c2s1p27a3-1.pddl,38,36,27,73,t3_ge41,72
177_d37_t3_ge41_p-VAL3-n36-c2s1p27a3-7.pddl,37,probe,p-VAL3-n36-c2s1p27a3-7.pddl,40,36,27,73,t3_ge41,70
178_d37_t3_ge41_p-VAL3-n36-c2s1p29a1-5.pddl,37,probe,p-VAL3-n36-c2s1p29a1-5.pddl,38,36,29,46,t3_ge41,45
179_d37_t3_ge41_p-VAL3-n38-c2s1p29a3-5.pddl,37,probe,p-VAL3-n38-c2s1p29a3-5.pddl,38,38,29,82,t3_ge41,80
180_d38_t3_ge41_p-TST2-n37-c2s1p29a2-5.pddl,38,probe,p-TST2-n37-c2s1p29a2-5.pddl,38,37,29,64,t3_ge41,64
181_d38_t3_ge41_p-VAL3-n34-c2s1p27a1-1.pddl,38,probe,p-VAL3-n34-c2s1p27a1-1.pddl,38,34,27,42,t3_ge41,42
182_d38_t3_ge41_p-VAL3-n34-c2s1p27a1-4.pddl,38,probe,p-VAL3-n34-c2s1p27a1-4.pddl,44,34,27,46,t3_ge41,40
183_d38_t3_ge41_p-VAL3-n34-c2s1p27a1-7.pddl,38,probe,p-VAL3-n34-c2s1p27a1-7.pddl,40,34,27,42,t3_ge41,40
184_d38_t3_ge41_p-VAL3-n35-c2s1p27a2-1.pddl,38,probe,p-VAL3-n35-c2s1p27a2-1.pddl,38,35,27,55,t3_ge41,55
185_d38_t3_ge41_p-VAL3-n35-c2s1p27a2-7.pddl,38,probe,p-VAL3-n35-c2s1p27a2-7.pddl,40,35,27,55,t3_ge41,51
186_d38_t3_ge41_p-VAL3-n36-c2s1p27a3-1.pddl,38,probe,p-VAL3-n36-c2s1p27a3-1.pddl,38,36,27,73,t3_ge41,73
187_d38_t3_ge41_p-VAL3-n36-c2s1p27a3-7.pddl,38,probe,p-VAL3-n36-c2s1p27a3-7.pddl,40,36,27,73,t3_ge41,71
188_d38_t3_ge41_p-VAL3-n36-c2s1p29a1-5.pddl,38,probe,p-VAL3-n36-c2s1p29a1-5.pddl,38,36,29,46,t3_ge41,46
189_d38_t3_ge41_p-VAL3-n38-c2s1p29a3-5.pddl,38,probe,p-VAL3-n38-c2s1p29a3-5.pddl,38,38,29,82,t3_ge41,82
190_d39_t3_ge41_p-VAL3-n34-c2s1p27a1-4.pddl,39,probe,p-VAL3-n34-c2s1p27a1-4.pddl,44,34,27,46,t3_ge41,41
191_d39_t3_ge41_p-VAL3-n34-c2s1p27a1-7.pddl,39,probe,p-VAL3-n34-c2s1p27a1-7.pddl,40,34,27,42,t3_ge41,41
192_d39_t3_ge41_p-VAL3-n35-c2s1p27a2-4.pddl,39,probe,p-VAL3-n35-c2s1p27a2-4.pddl,44,35,27,63,t3_ge41,53
193_d39_t3_ge41_p-VAL3-n35-c2s1p27a2-7.pddl,39,probe,p-VAL3-n35-c2s1p27a2-7.pddl,40,35,27,55,t3_ge41,53
194_d39_t3_ge41_p-VAL3-n36-c2s1p27a3-4.pddl,39,probe,p-VAL3-n36-c2s1p27a3-4.pddl,44,36,27,77,t3_ge41,72
195_d39_t3_ge41_p-VAL3-n36-c2s1p27a3-7.pddl,39,probe,p-VAL3-n36-c2s1p27a3-7.pddl,40,36,27,73,t3_ge41,72
196_d40_t3_ge41_p-VAL3-n34-c2s1p27a1-4.pddl,40,probe,p-VAL3-n34-c2s1p27a1-4.pddl,44,34,27,46,t3_ge41,42
197_d40_t3_ge41_p-VAL3-n34-c2s1p27a1-7.pddl,40,probe,p-VAL3-n34-c2s1p27a1-7.pddl,40,34,27,42,t3_ge41,42
198_d40_t3_ge41_p-VAL3-n35-c2s1p27a2-4.pddl,40,probe,p-VAL3-n35-c2s1p27a2-4.pddl,44,35,27,63,t3_ge41,55
199_d40_t3_ge41_p-VAL3-n35-c2s1p27a2-7.pddl,40,probe,p-VAL3-n35-c2s1p27a2-7.pddl,40,35,27,55,t3_ge41,55
200_d40_t3_ge41_p-VAL3-n36-c2s1p27a3-4.pddl,40,probe,p-VAL3-n36-c2s1p27a3-4.pddl,44,36,27,77,t3_ge41,73
201_d40_t3_ge41_p-VAL3-n36-c2s1p27a3-7.pddl,40,probe,p-VAL3-n36-c2s1p27a3-7.pddl,40,36,27,73,t3_ge41,73
202_d41_t3_ge41_p-VAL3-n34-c2s1p27a1-4.pddl,41,probe,p-VAL3-n34-c2s1p27a1-4.pddl,44,34,27,46,t3_ge41,43
203_d41_t3_ge41_p-VAL3-n35-c2s1p27a2-4.pddl,41,probe,p-VAL3-n35-c2s1p27a2-4.pddl,44,35,27,63,t3_ge41,57
204_d41_t3_ge41_p-VAL3-n36-c2s1p27a3-4.pddl,41,probe,p-VAL3-n36-c2s1p27a3-4.pddl,44,36,27,77,t3_ge41,74
205_d42_t3_ge41_p-VAL3-n34-c2s1p27a1-4.pddl,42,probe,p-VAL3-n34-c2s1p27a1-4.pddl,44,34,27,46,t3_ge41,44
206_d42_t3_ge41_p-VAL3-n35-c2s1p27a2-4.pddl,42,probe,p-VAL3-n35-c2s1p27a2-4.pddl,44,35,27,63,t3_ge41,59
207_d42_t3_ge41_p-VAL3-n36-c2s1p27a3-4.pddl,42,probe,p-VAL3-n36-c2s1p27a3-4.pddl,44,36,27,77,t3_ge41,75
208_d43_t3_ge41_p-VAL3-n34-c2s1p27a1-4.pddl,43,probe,p-VAL3-n34-c2s1p27a1-4.pddl,44,34,27,46,t3_ge41,45
209_d43_t3_ge41_p-VAL3-n35-c2s1p27a2-4.pddl,43,probe,p-VAL3-n35-c2s1p27a2-4.pddl,44,35,27,63,t3_ge41,61
210_d43_t3_ge41_p-VAL3-n36-c2s1p27a3-4.pddl,43,probe,p-VAL3-n36-c2s1p27a3-4.pddl,44,36,27,77,t3_ge41,76
211_d44_t3_ge41_p-VAL3-n34-c2s1p27a1-4.pddl,44,probe,p-VAL3-n34-c2s1p27a1-4.pddl,44,34,27,46,t3_ge41,46
212_d44_t3_ge41_p-VAL3-n35-c2s1p27a2-4.pddl,44,probe,p-VAL3-n35-c2s1p27a2-4.pddl,44,35,27,63,t3_ge41,63
213_d44_t3_ge41_p-VAL3-n36-c2s1p27a3-4.pddl,44,probe,p-VAL3-n36-c2s1p27a3-4.pddl,44,36,27,77,t3_ge41,77
