file,distance_to_goal,source_split,source_problem,source_plan_len,num_objects,init_applicable_actions,branch_tier,state_applicable_actions
000_d05_t1_le20_000_p-VAL-c3s3p6-11.pddl,5,test_v1,000_p-VAL-c3s3p6-11.pddl,39,22,17,t1_le20,16
001_d05_t1_le20_001_p-VAL-c4s2p6-21.pddl,5,test_v1,001_p-VAL-c4s2p6-21.pddl,25,23,15,t1_le20,18
002_d05_t1_le20_015_p-VAL-c4s2p6-5.pddl,5,test_v1,015_p-VAL-c4s2p6-5.pddl,25,23,18,t1_le20,19
003_d05_t1_le20_028_p-VAL-c3s3p6-27.pddl,5,test_v1,028_p-VAL-c3s3p6-27.pddl,44,22,12,t1_le20,16
004_d05_t1_le20_042_p-VAL-c3s3p6-13.pddl,5,test_v1,042_p-VAL-c3s3p6-13.pddl,37,22,13,t1_le20,17
005_d05_t1_le20_073_p-VAL-c4s2p7-30.pddl,5,test_v1,073_p-VAL-c4s2p7-30.pddl,46,25,19,t1_le20,21
006_d05_t1_le20_084_p-VAL-c3s3p6-1.pddl,5,test_v1,084_p-VAL-c3s3p6-1.pddl,39,22,13,t1_le20,17
007_d05_t1_le20_085_p-VAL-c4s2p6-30.pddl,5,test_v1,085_p-VAL-c4s2p6-30.pddl,43,23,14,t1_le20,17
008_d05_t1_le20_099_p-VAL-c4s2p6-29.pddl,5,test_v1,099_p-VAL-c4s2p6-29.pddl,41,23,16,t1_le20,16
009_d05_t1_le20_115_p-VAL-c4s2p7-15.pddl,5,test_v1,115_p-VAL-c4s2p7-15.pddl,32,25,20,t1_le20,22
010_d05_t2_21_40_003_p-VAL-c4s2p7-18.pddl,5,test_v1,003_p-VAL-c4s2p7-18.pddl,46,25,21,t2_21_40,22
011_d05_t2_21_40_008_p-VAL-c4s3p8-22.pddl,5,test_v1,008_p-VAL-c4s3p8-22.pddl,53,30,23,t2_21_40,27
012_d05_t2_21_40_017_p-VAL-c4s2p7-28.pddl,5,test_v1,017_p-VAL-c4s2p7-28.pddl,39,25,22,t2_21_40,22
013_d05_t2_21_40_036_p-VAL-c4s3p8-13.pddl,5,test_v1,036_p-VAL-c4s3p8-13.pddl,55,30,24,t2_21_40,28
014_d05_t2_21_40_045_p-VAL-c4s2p7-17.pddl,5,test_v1,045_p-VAL-c4s2p7-17.pddl,36,25,21,t2_21_40,22
015_d05_t2_21_40_050_p-VAL-c4s3p8-23.pddl,5,test_v1,050_p-VAL-c4s3p8-23.pddl,46,30,26,t2_21_40,29
016_d05_t2_21_40_064_p-VAL-c4s3p8-2.pddl,5,test_v1,064_p-VAL-c4s3p8-2.pddl,40,30,26,t2_21_40,28
017_d05_t2_21_40_087_p-VAL-c4s2p7-6.pddl,5,test_v1,087_p-VAL-c4s2p7-6.pddl,42,25,22,t2_21_40,26
030_d06_t1_le20_000_p-VAL-c3s3p6-11.pddl,6,test_v1,000_p-VAL-c3s3p6-11.pddl,39,22,17,t1_le20,17
031_d06_t1_le20_001_p-VAL-c4s2p6-21.pddl,6,test_v1,001_p-VAL-c4s2p6-21.pddl,25,23,15,t1_le20,19
032_d06_t1_le20_015_p-VAL-c4s2p6-5.pddl,6,test_v1,015_p-VAL-c4s2p6-5.pddl,25,23,18,t1_le20,18
033_d06_t1_le20_028_p-VAL-c3s3p6-27.pddl,6,test_v1,028_p-VAL-c3s3p6-27.pddl,44,22,12,t1_le20,17
034_d06_t1_le20_042_p-VAL-c3s3p6-13.pddl,6,test_v1,042_p-VAL-c3s3p6-13.pddl,37,22,13,t1_le20,17
035_d06_t1_le20_073_p-VAL-c4s2p7-30.pddl,6,test_v1,073_p-VAL-c4s2p7-30.pddl,46,25,19,t1_le20,19
036_d06_t1_le20_084_p-VAL-c3s3p6-1.pddl,6,test_v1,084_p-VAL-c3s3p6-1.pddl,39,22,13,t1_le20,17
037_d06_t1_le20_085_p-VAL-c4s2p6-30.pddl,6,test_v1,085_p-VAL-c4s2p6-30.pddl,43,23,14,t1_le20,17
038_d06_t1_le20_099_p-VAL-c4s2p6-29.pddl,6,test_v1,099_p-VAL-c4s2p6-29.pddl,41,23,16,t1_le20,17
039_d06_t1_le20_115_p-VAL-c4s2p7-15.pddl,6,test_v1,115_p-VAL-c4s2p7-15.pddl,32,25,20,t1_le20,22
040_d06_t2_21_40_003_p-VAL-c4s2p7-18.pddl,6,test_v1,003_p-VAL-c4s2p7-18.pddl,46,25,21,t2_21_40,21
041_d06_t2_21_40_008_p-VAL-c4s3p8-22.pddl,6,test_v1,008_p-VAL-c4s3p8-22.pddl,53,30,23,t2_21_40,26
042_d06_t2_21_40_017_p-VAL-c4s2p7-28.pddl,6,test_v1,017_p-VAL-c4s2p7-28.pddl,39,25,22,t2_21_40,22
043_d06_t2_21_40_036_p-VAL-c4s3p8-13.pddl,6,test_v1,036_p-VAL-c4s3p8-13.pddl,55,30,24,t2_21_40,28
044_d06_t2_21_40_045_p-VAL-c4s2p7-17.pddl,6,test_v1,045_p-VAL-c4s2p7-17.pddl,36,25,21,t2_21_40,23
045_d06_t2_21_40_050_p-VAL-c4s3p8-23.pddl,6,test_v1,050_p-VAL-c4s3p8-23.pddl,46,30,26,t2_21_40,30
046_d06_t2_21_40_064_p-VAL-c4s3p8-2.pddl,6,test_v1,064_p-VAL-c4s3p8-2.pddl,40,30,26,t2_21_40,27
047_d06_t2_21_40_087_p-VAL-c4s2p7-6.pddl,6,test_v1,087_p-VAL-c4s2p7-6.pddl,42,25,22,t2_21_40,25
060_d07_t1_le20_000_p-VAL-c3s3p6-11.pddl,7,test_v1,000_p-VAL-c3s3p6-11.pddl,39,22,17,t1_le20,16
061_d07_t1_le20_001_p-VAL-c4s2p6-21.pddl,7,test_v1,001_p-VAL-c4s2p6-21.pddl,25,23,15,t1_le20,18
062_d07_t1_le20_015_p-VAL-c4s2p6-5.pddl,7,test_v1,015_p-VAL-c4s2p6-5.pddl,25,23,18,t1_le20,19
063_d07_t1_le20_028_p-VAL-c3s3p6-27.pddl,7,test_v1,028_p-VAL-c3s3p6-27.pddl,44,22,12,t1_le20,17
064_d07_t1_le20_042_p-VAL-c3s3p6-13.pddl,7,test_v1,042_p-VAL-c3s3p6-13.pddl,37,22,13,t1_le20,17
065_d07_t1_le20_073_p-VAL-c4s2p7-30.pddl,7,test_v1,073_p-VAL-c4s2p7-30.pddl,46,25,19,t1_le20,19
066_d07_t1_le20_084_p-VAL-c3s3p6-1.pddl,7,test_v1,084_p-VAL-c3s3p6-1.pddl,39,22,13,t1_le20,15
067_d07_t1_le20_085_p-VAL-c4s2p6-30.pddl,7,test_v1,085_p-VAL-c4s2p6-30.pddl,43,23,14,t1_le20,17
068_d07_t1_le20_099_p-VAL-c4s2p6-29.pddl,7,test_v1,099_p-VAL-c4s2p6-29.pddl,41,23,16,t1_le20,17
069_d07_t1_le20_115_p-VAL-c4s2p7-15.pddl,7,test_v1,115_p-VAL-c4s2p7-15.pddl,32,25,20,t1_le20,22
070_d07_t2_21_40_003_p-VAL-c4s2p7-18.pddl,7,test_v1,003_p-VAL-c4s2p7-18.pddl,46,25,21,t2_21_40,21
071_d07_t2_21_40_008_p-VAL-c4s3p8-22.pddl,7,test_v1,008_p-VAL-c4s3p8-22.pddl,53,30,23,t2_21_40,27
072_d07_t2_21_40_017_p-VAL-c4s2p7-28.pddl,7,test_v1,017_p-VAL-c4s2p7-28.pddl,39,25,22,t2_21_40,22
073_d07_t2_21_40_036_p-VAL-c4s3p8-13.pddl,7,test_v1,036_p-VAL-c4s3p8-13.pddl,55,30,24,t2_21_40,27
074_d07_t2_21_40_045_p-VAL-c4s2p7-17.pddl,7,test_v1,045_p-VAL-c4s2p7-17.pddl,36,25,21,t2_21_40,22
075_d07_t2_21_40_050_p-VAL-c4s3p8-23.pddl,7,test_v1,050_p-VAL-c4s3p8-23.pddl,46,30,26,t2_21_40,29
076_d07_t2_21_40_064_p-VAL-c4s3p8-2.pddl,7,test_v1,064_p-VAL-c4s3p8-2.pddl,40,30,26,t2_21_40,28
077_d07_t2_21_40_087_p-VAL-c4s2p7-6.pddl,7,test_v1,087_p-VAL-c4s2p7-6.pddl,42,25,22,t2_21_40,24
090_d08_t1_le20_000_p-VAL-c3s3p6-11.pddl,8,test_v1,000_p-VAL-c3s3p6-11.pddl,39,22,17,t1_le20,16
091_d08_t1_le20_001_p-VAL-c4s2p6-21.pddl,8,test_v1,001_p-VAL-c4s2p6-21.pddl,25,23,15,t1_le20,17
092_d08_t1_le20_015_p-VAL-c4s2p6-5.pddl,8,test_v1,015_p-VAL-c4s2p6-5.pddl,25,23,18,t1_le20,18
093_d08_t1_le20_028_p-VAL-c3s3p6-27.pddl,8,test_v1,028_p-VAL-c3s3p6-27.pddl,44,22,12,t1_le20,17
094_d08_t1_le20_042_p-VAL-c3s3p6-13.pddl,8,test_v1,042_p-VAL-c3s3p6-13.pddl,37,22,13,t1_le20,18
095_d08_t1_le20_073_p-VAL-c4s2p7-30.pddl,8,test_v1,073_p-VAL-c4s2p7-30.pddl,46,25,19,t1_le20,19
096_d08_t1_le20_084_p-VAL-c3s3p6-1.pddl,8,test_v1,084_p-VAL-c3s3p6-1.pddl,39,22,13,t1_le20,15
097_d08_t1_le20_085_p-VAL-c4s2p6-30.pddl,8,test_v1,085_p-VAL-c4s2p6-30.pddl,43,23,14,t1_le20,15
098_d08_t1_le20_099_p-VAL-c4s2p6-29.pddl,8,test_v1,099_p-VAL-c4s2p6-29.pddl,41,23,16,t1_le20,15
099_d08_t1_le20_115_p-VAL-c4s2p7-15.pddl,8,test_v1,115_p-VAL-c4s2p7-15.pddl,32,25,20,t1_le20,22
100_d08_t2_21_40_003_p-VAL-c4s2p7-18.pddl,8,test_v1,003_p-VAL-c4s2p7-18.pddl,46,25,21,t2_21_40,21
101_d08_t2_21_40_008_p-VAL-c4s3p8-22.pddl,8,test_v1,008_p-VAL-c4s3p8-22.pddl,53,30,23,t2_21_40,26
102_d08_t2_21_40_017_p-VAL-c4s2p7-28.pddl,8,test_v1,017_p-VAL-c4s2p7-28.pddl,39,25,22,t2_21_40,22
103_d08_t2_21_40_036_p-VAL-c4s3p8-13.pddl,8,test_v1,036_p-VAL-c4s3p8-13.pddl,55,30,24,t2_21_40,27
104_d08_t2_21_40_045_p-VAL-c4s2p7-17.pddl,8,test_v1,045_p-VAL-c4s2p7-17.pddl,36,25,21,t2_21_40,23
105_d08_t2_21_40_050_p-VAL-c4s3p8-23.pddl,8,test_v1,050_p-VAL-c4s3p8-23.pddl,46,30,26,t2_21_40,28
106_d08_t2_21_40_064_p-VAL-c4s3p8-2.pddl,8,test_v1,064_p-VAL-c4s3p8-2.pddl,40,30,26,t2_21_40,28
107_d08_t2_21_40_087_p-VAL-c4s2p7-6.pddl,8,test_v1,087_p-VAL-c4s2p7-6.pddl,42,25,22,t2_21_40,25
120_d09_t1_le20_000_p-VAL-c3s3p6-11.pddl,9,test_v1,000_p-VAL-c3s3p6-11.pddl,39,22,17,t1_le20,16
121_d09_t1_le20_001_p-VAL-c4s2p6-21.pddl,9,test_v1,001_p-VAL-c4s2p6-21.pddl,25,23,15,t1_le20,17
122_d09_t1_le20_015_p-VAL-c4s2p6-5.pddl,9,test_v1,015_p-VAL-c4s2p6-5.pddl,25,23,18,t1_le20,18
123_d09_t1_le20_028_p-VAL-c3s3p6-27.pddl,9,test_v1,028_p-VAL-c3s3p6-27.pddl,44,22,12,t1_le20,16
124_d09_t1_le20_042_p-VAL-c3s3p6-13.pddl,9,test_v1,042_p-VAL-c3s3p6-13.pddl,37,22,13,t1_le20,17
125_d09_t1_le20_073_p-VAL-c4s2p7-30.pddl,9,test_v1,073_p-VAL-c4s2p7-30.pddl,46,25,19,t1_le20,19
126_d09_t1_le20_084_p-VAL-c3s3p6-1.pddl,9,test_v1,084_p-VAL-c3s3p6-1.pddl,39,22,13,t1_le20,15
127_d09_t1_le20_085_p-VAL-c4s2p6-30.pddl,9,test_v1,085_p-VAL-c4s2p6-30.pddl,43,23,14,t1_le20,15
128_d09_t1_le20_099_p-VAL-c4s2p6-29.pddl,9,test_v1,099_p-VAL-c4s2p6-29.pddl,41,23,16,t1_le20,15
129_d09_t1_le20_115_p-VAL-c4s2p7-15.pddl,9,test_v1,115_p-VAL-c4s2p7-15.pddl,32,25,20,t1_le20,21
130_d09_t2_21_40_003_p-VAL-c4s2p7-18.pddl,9,test_v1,003_p-VAL-c4s2p7-18.pddl,46,25,21,t2_21_40,21
131_d09_t2_21_40_008_p-VAL-c4s3p8-22.pddl,9,test_v1,008_p-VAL-c4s3p8-22.pddl,53,30,23,t2_21_40,27
132_d09_t2_21_40_017_p-VAL-c4s2p7-28.pddl,9,test_v1,017_p-VAL-c4s2p7-28.pddl,39,25,22,t2_21_40,23
133_d09_t2_21_40_036_p-VAL-c4s3p8-13.pddl,9,test_v1,036_p-VAL-c4s3p8-13.pddl,55,30,24,t2_21_40,27
134_d09_t2_21_40_045_p-VAL-c4s2p7-17.pddl,9,test_v1,045_p-VAL-c4s2p7-17.pddl,36,25,21,t2_21_40,23
135_d09_t2_21_40_050_p-VAL-c4s3p8-23.pddl,9,test_v1,050_p-VAL-c4s3p8-23.pddl,46,30,26,t2_21_40,29
136_d09_t2_21_40_064_p-VAL-c4s3p8-2.pddl,9,test_v1,064_p-VAL-c4s3p8-2.pddl,40,30,26,t2_21_40,28
137_d09_t2_21_40_087_p-VAL-c4s2p7-6.pddl,9,test_v1,087_p-VAL-c4s2p7-6.pddl,42,25,22,t2_21_40,25
150_d10_t1_le20_000_p-VAL-c3s3p6-11.pddl,10,test_v1,000_p-VAL-c3s3p6-11.pddl,39,22,17,t1_le20,18
151_d10_t1_le20_001_p-VAL-c4s2p6-21.pddl,10,test_v1,001_p-VAL-c4s2p6-21.pddl,25,23,15,t1_le20,18
152_d10_t1_le20_015_p-VAL-c4s2p6-5.pddl,10,test_v1,015_p-VAL-c4s2p6-5.pddl,25,23,18,t1_le20,18
153_d10_t1_le20_028_p-VAL-c3s3p6-27.pddl,10,test_v1,028_p-VAL-c3s3p6-27.pddl,44,22,12,t1_le20,16
154_d10_t1_le20_042_p-VAL-c3s3p6-13.pddl,10,test_v1,042_p-VAL-c3s3p6-13.pddl,37,22,13,t1_le20,18
155_d10_t1_le20_073_p-VAL-c4s2p7-30.pddl,10,test_v1,073_p-VAL-c4s2p7-30.pddl,46,25,19,t1_le20,21
156_d10_t1_le20_084_p-VAL-c3s3p6-1.pddl,10,test_v1,084_p-VAL-c3s3p6-1.pddl,39,22,13,t1_le20,15
157_d10_t1_le20_085_p-VAL-c4s2p6-30.pddl,10,test_v1,085_p-VAL-c4s2p6-30.pddl,43,23,14,t1_le20,15
158_d10_t1_le20_099_p-VAL-c4s2p6-29.pddl,10,test_v1,099_p-VAL-c4s2p6-29.pddl,41,23,16,t1_le20,15
159_d10_t1_le20_115_p-VAL-c4s2p7-15.pddl,10,test_v1,115_p-VAL-c4s2p7-15.pddl,32,25,20,t1_le20,22
160_d10_t2_21_40_003_p-VAL-c4s2p7-18.pddl,10,test_v1,003_p-VAL-c4s2p7-18.pddl,46,25,21,t2_21_40,22
161_d10_t2_21_40_008_p-VAL-c4s3p8-22.pddl,10,test_v1,008_p-VAL-c4s3p8-22.pddl,53,30,23,t2_21_40,26
162_d10_t2_21_40_017_p-VAL-c4s2p7-28.pddl,10,test_v1,017_p-VAL-c4s2p7-28.pddl,39,25,22,t2_21_40,24
163_d10_t2_21_40_036_p-VAL-c4s3p8-13.pddl,10,test_v1,036_p-VAL-c4s3p8-13.pddl,55,30,24,t2_21_40,27
164_d10_t2_21_40_045_p-VAL-c4s2p7-17.pddl,10,test_v1,045_p-VAL-c4s2p7-17.pddl,36,25,21,t2_21_40,23
165_d10_t2_21_40_050_p-VAL-c4s3p8-23.pddl,10,test_v1,050_p-VAL-c4s3p8-23.pddl,46,30,26,t2_21_40,29
166_d10_t2_21_40_064_p-VAL-c4s3p8-2.pddl,10,test_v1,064_p-VAL-c4s3p8-2.pddl,40,30,26,t2_21_40,28
167_d10_t2_21_40_087_p-VAL-c4s2p7-6.pddl,10,test_v1,087_p-VAL-c4s2p7-6.pddl,42,25,22,t2_21_40,27
180_d11_t1_le20_000_p-VAL-c3s3p6-11.pddl,11,test_v1,000_p-VAL-c3s3p6-11.pddl,39,22,17,t1_le20,18
181_d11_t1_le20_001_p-VAL-c4s2p6-21.pddl,11,test_v1,001_p-VAL-c4s2p6-21.pddl,25,23,15,t1_le20,19
182_d11_t1_le20_015_p-VAL-c4s2p6-5.pddl,11,test_v1,015_p-VAL-c4s2p6-5.pddl,25,23,18,t1_le20,18
183_d11_t1_le20_028_p-VAL-c3s3p6-27.pddl,11,test_v1,028_p-VAL-c3s3p6-27.pddl,44,22,12,t1_le20,15
184_d11_t1_le20_042_p-VAL-c3s3p6-13.pddl,11,test_v1,042_p-VAL-c3s3p6-13.pddl,37,22,13,t1_le20,19
185_d11_t1_le20_073_p-VAL-c4s2p7-30.pddl,11,test_v1,073_p-VAL-c4s2p7-30.pddl,46,25,19,t1_le20,23
186_d11_t1_le20_084_p-VAL-c3s3p6-1.pddl,11,test_v1,084_p-VAL-c3s3p6-1.pddl,39,22,13,t1_le20,16
187_d11_t1_le20_085_p-VAL-c4s2p6-30.pddl,11,test_v1,085_p-VAL-c4s2p6-30.pddl,43,23,14,t1_le20,15
188_d11_t1_le20_099_p-VAL-c4s2p6-29.pddl,11,test_v1,099_p-VAL-c4s2p6-29.pddl,41,23,16,t1_le20,15
189_d11_t1_le20_115_p-VAL-c4s2p7-15.pddl,11,test_v1,115_p-VAL-c4s2p7-15.pddl,32,25,20,t1_le20,22
190_d11_t2_21_40_003_p-VAL-c4s2p7-18.pddl,11,test_v1,003_p-VAL-c4s2p7-18.pddl,46,25,21,t2_21_40,23
191_d11_t2_21_40_008_p-VAL-c4s3p8-22.pddl,11,test_v1,008_p-VAL-c4s3p8-22.pddl,53,30,23,t2_21_40,26
192_d11_t2_21_40_017_p-VAL-c4s2p7-28.pddl,11,test_v1,017_p-VAL-c4s2p7-28.pddl,39,25,22,t2_21_40,23
193_d11_t2_21_40_036_p-VAL-c4s3p8-13.pddl,11,test_v1,036_p-VAL-c4s3p8-13.pddl,55,30,24,t2_21_40,29
194_d11_t2_21_40_045_p-VAL-c4s2p7-17.pddl,11,test_v1,045_p-VAL-c4s2p7-17.pddl,36,25,21,t2_21_40,25
195_d11_t2_21_40_050_p-VAL-c4s3p8-23.pddl,11,test_v1,050_p-VAL-c4s3p8-23.pddl,46,30,26,t2_21_40,31
196_d11_t2_21_40_064_p-VAL-c4s3p8-2.pddl,11,test_v1,064_p-VAL-c4s3p8-2.pddl,40,30,26,t2_21_40,29
197_d11_t2_21_40_087_p-VAL-c4s2p7-6.pddl,11,test_v1,087_p-VAL-c4s2p7-6.pddl,42,25,22,t2_21_40,25
210_d12_t1_le20_000_p-VAL-c3s3p6-11.pddl,12,test_v1,000_p-VAL-c3s3p6-11.pddl,39,22,17,t1_le20,17
211_d12_t1_le20_001_p-VAL-c4s2p6-21.pddl,12,test_v1,001_p-VAL-c4s2p6-21.pddl,25,23,15,t1_le20,20
212_d12_t1_le20_015_p-VAL-c4s2p6-5.pddl,12,test_v1,015_p-VAL-c4s2p6-5.pddl,25,23,18,t1_le20,19
213_d12_t1_le20_028_p-VAL-c3s3p6-27.pddl,12,test_v1,028_p-VAL-c3s3p6-27.pddl,44,22,12,t1_le20,16
214_d12_t1_le20_042_p-VAL-c3s3p6-13.pddl,12,test_v1,042_p-VAL-c3s3p6-13.pddl,37,22,13,t1_le20,20
215_d12_t1_le20_073_p-VAL-c4s2p7-30.pddl,12,test_v1,073_p-VAL-c4s2p7-30.pddl,46,25,19,t1_le20,21
216_d12_t1_le20_084_p-VAL-c3s3p6-1.pddl,12,test_v1,084_p-VAL-c3s3p6-1.pddl,39,22,13,t1_le20,15
217_d12_t1_le20_085_p-VAL-c4s2p6-30.pddl,12,test_v1,085_p-VAL-c4s2p6-30.pddl,43,23,14,t1_le20,16
218_d12_t1_le20_099_p-VAL-c4s2p6-29.pddl,12,test_v1,099_p-VAL-c4s2p6-29.pddl,41,23,16,t1_le20,15
219_d12_t1_le20_115_p-VAL-c4s2p7-15.pddl,12,test_v1,115_p-VAL-c4s2p7-15.pddl,32,25,20,t1_le20,22
220_d12_t2_21_40_003_p-VAL-c4s2p7-18.pddl,12,test_v1,003_p-VAL-c4s2p7-18.pddl,46,25,21,t2_21_40,21
221_d12_t2_21_40_008_p-VAL-c4s3p8-22.pddl,12,test_v1,008_p-VAL-c4s3p8-22.pddl,53,30,23,t2_21_40,26
222_d12_t2_21_40_017_p-VAL-c4s2p7-28.pddl,12,test_v1,017_p-VAL-c4s2p7-28.pddl,39,25,22,t2_21_40,24
223_d12_t2_21_40_036_p-VAL-c4s3p8-13.pddl,12,test_v1,036_p-VAL-c4s3p8-13.pddl,55,30,24,t2_21_40,30
224_d12_t2_21_40_045_p-VAL-c4s2p7-17.pddl,12,test_v1,045_p-VAL-c4s2p7-17.pddl,36,25,21,t2_21_40,26
225_d12_t2_21_40_050_p-VAL-c4s3p8-23.pddl,12,test_v1,050_p-VAL-c4s3p8-23.pddl,46,30,26,t2_21_40,33
226_d12_t2_21_40_064_p-VAL-c4s3p8-2.pddl,12,test_v1,064_p-VAL-c4s3p8-2.pddl,40,30,26,t2_21_40,28
227_d12_t2_21_40_087_p-VAL-c4s2p7-6.pddl,12,test_v1,087_p-VAL-c4s2p7-6.pddl,42,25,22,t2_21_40,24
240_d13_t1_le20_000_p-VAL-c3s3p6-11.pddl,13,test_v1,000_p-VAL-c3s3p6-11.pddl,39,22,17,t1_le20,18
241_d13_t1_le20_001_p-VAL-c4s2p6-21.pddl,13,test_v1,001_p-VAL-c4s2p6-21.pddl,25,23,15,t1_le20,17
242_d13_t1_le20_015_p-VAL-c4s2p6-5.pddl,13,test_v1,015_p-VAL-c4s2p6-5.pddl,25,23,18,t1_le20,18
243_d13_t1_le20_028_p-VAL-c3s3p6-27.pddl,13,test_v1,028_p-VAL-c3s3p6-27.pddl,44,22,12,t1_le20,16
244_d13_t1_le20_042_p-VAL-c3s3p6-13.pddl,13,test_v1,042_p-VAL-c3s3p6-13.pddl,37,22,13,t1_le20,19
245_d13_t1_le20_073_p-VAL-c4s2p7-30.pddl,13,test_v1,073_p-VAL-c4s2p7-30.pddl,46,25,19,t1_le20,20
246_d13_t1_le20_084_p-VAL-c3s3p6-1.pddl,13,test_v1,084_p-VAL-c3s3p6-1.pddl,39,22,13,t1_le20,16
247_d13_t1_le20_085_p-VAL-c4s2p6-30.pddl,13,test_v1,085_p-VAL-c4s2p6-30.pddl,43,23,14,t1_le20,17
248_d13_t1_le20_099_p-VAL-c4s2p6-29.pddl,13,test_v1,099_p-VAL-c4s2p6-29.pddl,41,23,16,t1_le20,16
249_d13_t1_le20_115_p-VAL-c4s2p7-15.pddl,13,test_v1,115_p-VAL-c4s2p7-15.pddl,32,25,20,t1_le20,22
250_d13_t2_21_40_003_p-VAL-c4s2p7-18.pddl,13,test_v1,003_p-VAL-c4s2p7-18.pddl,46,25,21,t2_21_40,21
251_d13_t2_21_40_008_p-VAL-c4s3p8-22.pddl,13,test_v1,008_p-VAL-c4s3p8-22.pddl,53,30,23,t2_21_40,28
252_d13_t2_21_40_017_p-VAL-c4s2p7-28.pddl,13,test_v1,017_p-VAL-c4s2p7-28.pddl,39,25,22,t2_21_40,22
253_d13_t2_21_40_036_p-VAL-c4s3p8-13.pddl,13,test_v1,036_p-VAL-c4s3p8-13.pddl,55,30,24,t2_21_40,29
254_d13_t2_21_40_045_p-VAL-c4s2p7-17.pddl,13,test_v1,045_p-VAL-c4s2p7-17.pddl,36,25,21,t2_21_40,25
255_d13_t2_21_40_050_p-VAL-c4s3p8-23.pddl,13,test_v1,050_p-VAL-c4s3p8-23.pddl,46,30,26,t2_21_40,31
256_d13_t2_21_40_064_p-VAL-c4s3p8-2.pddl,13,test_v1,064_p-VAL-c4s3p8-2.pddl,40,30,26,t2_21_40,29
257_d13_t2_21_40_087_p-VAL-c4s2p7-6.pddl,13,test_v1,087_p-VAL-c4s2p7-6.pddl,42,25,22,t2_21_40,25
270_d14_t1_le20_000_p-VAL-c3s3p6-11.pddl,14,test_v1,000_p-VAL-c3s3p6-11.pddl,39,22,17,t1_le20,17
271_d14_t1_le20_001_p-VAL-c4s2p6-21.pddl,14,test_v1,001_p-VAL-c4s2p6-21.pddl,25,23,15,t1_le20,17
272_d14_t1_le20_015_p-VAL-c4s2p6-5.pddl,14,test_v1,015_p-VAL-c4s2p6-5.pddl,25,23,18,t1_le20,19
273_d14_t1_le20_028_p-VAL-c3s3p6-27.pddl,14,test_v1,028_p-VAL-c3s3p6-27.pddl,44,22,12,t1_le20,16
274_d14_t1_le20_042_p-VAL-c3s3p6-13.pddl,14,test_v1,042_p-VAL-c3s3p6-13.pddl,37,22,13,t1_le20,19
275_d14_t1_le20_073_p-VAL-c4s2p7-30.pddl,14,test_v1,073_p-VAL-c4s2p7-30.pddl,46,25,19,t1_le20,19
276_d14_t1_le20_084_p-VAL-c3s3p6-1.pddl,14,test_v1,084_p-VAL-c3s3p6-1.pddl,39,22,13,t1_le20,16
277_d14_t1_le20_085_p-VAL-c4s2p6-30.pddl,14,test_v1,085_p-VAL-c4s2p6-30.pddl,43,23,14,t1_le20,15
278_d14_t1_le20_099_p-VAL-c4s2p6-29.pddl,14,test_v1,099_p-VAL-c4s2p6-29.pddl,41,23,16,t1_le20,15
279_d14_t1_le20_115_p-VAL-c4s2p7-15.pddl,14,test_v1,115_p-VAL-c4s2p7-15.pddl,32,25,20,t1_le20,22
280_d14_t2_21_40_003_p-VAL-c4s2p7-18.pddl,14,test_v1,003_p-VAL-c4s2p7-18.pddl,46,25,21,t2_21_40,21
281_d14_t2_21_40_008_p-VAL-c4s3p8-22.pddl,14,test_v1,008_p-VAL-c4s3p8-22.pddl,53,30,23,t2_21_40,26
282_d14_t2_21_40_017_p-VAL-c4s2p7-28.pddl,14,test_v1,017_p-VAL-c4s2p7-28.pddl,39,25,22,t2_21_40,22
283_d14_t2_21_40_036_p-VAL-c4s3p8-13.pddl,14,test_v1,036_p-VAL-c4s3p8-13.pddl,55,30,24,t2_21_40,28
284_d14_t2_21_40_045_p-VAL-c4s2p7-17.pddl,14,test_v1,045_p-VAL-c4s2p7-17.pddl,36,25,21,t2_21_40,26
285_d14_t2_21_40_050_p-VAL-c4s3p8-23.pddl,14,test_v1,050_p-VAL-c4s3p8-23.pddl,46,30,26,t2_21_40,30
286_d14_t2_21_40_064_p-VAL-c4s3p8-2.pddl,14,test_v1,064_p-VAL-c4s3p8-2.pddl,40,30,26,t2_21_40,28
287_d14_t2_21_40_087_p-VAL-c4s2p7-6.pddl,14,test_v1,087_p-VAL-c4s2p7-6.pddl,42,25,22,t2_21_40,26
300_d15_t1_le20_000_p-VAL-c3s3p6-11.pddl,15,test_v1,000_p-VAL-c3s3p6-11.pddl,39,22,17,t1_le20,18
301_d15_t1_le20_001_p-VAL-c4s2p6-21.pddl,15,test_v1,001_p-VAL-c4s2p6-21.pddl,25,23,15,t1_le20,17
302_d15_t1_le20_015_p-VAL-c4s2p6-5.pddl,15,test_v1,015_p-VAL-c4s2p6-5.pddl,25,23,18,t1_le20,20
303_d15_t1_le20_028_p-VAL-c3s3p6-27.pddl,15,test_v1,028_p-VAL-c3s3p6-27.pddl,44,22,12,t1_le20,17
304_d15_t1_le20_042_p-VAL-c3s3p6-13.pddl,15,test_v1,042_p-VAL-c3s3p6-13.pddl,37,22,13,t1_le20,20
305_d15_t1_le20_073_p-VAL-c4s2p7-30.pddl,15,test_v1,073_p-VAL-c4s2p7-30.pddl,46,25,19,t1_le20,22
306_d15_t1_le20_084_p-VAL-c3s3p6-1.pddl,15,test_v1,084_p-VAL-c3s3p6-1.pddl,39,22,13,t1_le20,17
307_d15_t1_le20_085_p-VAL-c4s2p6-30.pddl,15,test_v1,085_p-VAL-c4s2p6-30.pddl,43,23,14,t1_le20,15
308_d15_t1_le20_099_p-VAL-c4s2p6-29.pddl,15,test_v1,099_p-VAL-c4s2p6-29.pddl,41,23,16,t1_le20,18
309_d15_t1_le20_115_p-VAL-c4s2p7-15.pddl,15,test_v1,115_p-VAL-c4s2p7-15.pddl,32,25,20,t1_le20,21
310_d15_t2_21_40_003_p-VAL-c4s2p7-18.pddl,15,test_v1,003_p-VAL-c4s2p7-18.pddl,46,25,21,t2_21_40,23
311_d15_t2_21_40_008_p-VAL-c4s3p8-22.pddl,15,test_v1,008_p-VAL-c4s3p8-22.pddl,53,30,23,t2_21_40,26
312_d15_t2_21_40_017_p-VAL-c4s2p7-28.pddl,15,test_v1,017_p-VAL-c4s2p7-28.pddl,39,25,22,t2_21_40,22
313_d15_t2_21_40_036_p-VAL-c4s3p8-13.pddl,15,test_v1,036_p-VAL-c4s3p8-13.pddl,55,30,24,t2_21_40,28
314_d15_t2_21_40_045_p-VAL-c4s2p7-17.pddl,15,test_v1,045_p-VAL-c4s2p7-17.pddl,36,25,21,t2_21_40,25
315_d15_t2_21_40_050_p-VAL-c4s3p8-23.pddl,15,test_v1,050_p-VAL-c4s3p8-23.pddl,46,30,26,t2_21_40,29
316_d15_t2_21_40_064_p-VAL-c4s3p8-2.pddl,15,test_v1,064_p-VAL-c4s3p8-2.pddl,40,30,26,t2_21_40,28
317_d15_t2_21_40_087_p-VAL-c4s2p7-6.pddl,15,test_v1,087_p-VAL-c4s2p7-6.pddl,42,25,22,t2_21_40,27
330_d16_t1_le20_000_p-VAL-c3s3p6-11.pddl,16,test_v1,000_p-VAL-c3s3p6-11.pddl,39,22,17,t1_le20,19
331_d16_t1_le20_001_p-VAL-c4s2p6-21.pddl,16,test_v1,001_p-VAL-c4s2p6-21.pddl,25,23,15,t1_le20,17
332_d16_t1_le20_015_p-VAL-c4s2p6-5.pddl,16,test_v1,015_p-VAL-c4s2p6-5.pddl,25,23,18,t1_le20,18
333_d16_t1_le20_028_p-VAL-c3s3p6-27.pddl,16,test_v1,028_p-VAL-c3s3p6-27.pddl,44,22,12,t1_le20,18
334_d16_t1_le20_042_p-VAL-c3s3p6-13.pddl,16,test_v1,042_p-VAL-c3s3p6-13.pddl,37,22,13,t1_le20,19
335_d16_t1_le20_073_p-VAL-c4s2p7-30.pddl,16,test_v1,073_p-VAL-c4s2p7-30.pddl,46,25,19,t1_le20,22
336_d16_t1_le20_084_p-VAL-c3s3p6-1.pddl,16,test_v1,084_p-VAL-c3s3p6-1.pddl,39,22,13,t1_le20,18
337_d16_t1_le20_085_p-VAL-c4s2p6-30.pddl,16,test_v1,085_p-VAL-c4s2p6-30.pddl,43,23,14,t1_le20,15
338_d16_t1_le20_099_p-VAL-c4s2p6-29.pddl,16,test_v1,099_p-VAL-c4s2p6-29.pddl,41,23,16,t1_le20,18
339_d16_t1_le20_115_p-VAL-c4s2p7-15.pddl,16,test_v1,115_p-VAL-c4s2p7-15.pddl,32,25,20,t1_le20,20
340_d16_t2_21_40_003_p-VAL-c4s2p7-18.pddl,16,test_v1,003_p-VAL-c4s2p7-18.pddl,46,25,21,t2_21_40,23
341_d16_t2_21_40_008_p-VAL-c4s3p8-22.pddl,16,test_v1,008_p-VAL-c4s3p8-22.pddl,53,30,23,t2_21_40,26
342_d16_t2_21_40_017_p-VAL-c4s2p7-28.pddl,16,test_v1,017_p-VAL-c4s2p7-28.pddl,39,25,22,t2_21_40,23
343_d16_t2_21_40_036_p-VAL-c4s3p8-13.pddl,16,test_v1,036_p-VAL-c4s3p8-13.pddl,55,30,24,t2_21_40,28
344_d16_t2_21_40_045_p-VAL-c4s2p7-17.pddl,16,test_v1,045_p-VAL-c4s2p7-17.pddl,36,25,21,t2_21_40,23
345_d16_t2_21_40_050_p-VAL-c4s3p8-23.pddl,16,test_v1,050_p-VAL-c4s3p8-23.pddl,46,30,26,t2_21_40,28
346_d16_t2_21_40_064_p-VAL-c4s3p8-2.pddl,16,test_v1,064_p-VAL-c4s3p8-2.pddl,40,30,26,t2_21_40,28
347_d16_t2_21_40_087_p-VAL-c4s2p7-6.pddl,16,test_v1,087_p-VAL-c4s2p7-6.pddl,42,25,22,t2_21_40,25
360_d17_t1_le20_000_p-VAL-c3s3p6-11.pddl,17,test_v1,000_p-VAL-c3s3p6-11.pddl,39,22,17,t1_le20,20
361_d17_t1_le20_001_p-VAL-c4s2p6-21.pddl,17,test_v1,001_p-VAL-c4s2p6-21.pddl,25,23,15,t1_le20,17
362_d17_t1_le20_015_p-VAL-c4s2p6-5.pddl,17,test_v1,015_p-VAL-c4s2p6-5.pddl,25,23,18,t1_le20,19
363_d17_t1_le20_028_p-VAL-c3s3p6-27.pddl,17,test_v1,028_p-VAL-c3s3p6-27.pddl,44,22,12,t1_le20,17
364_d17_t1_le20_042_p-VAL-c3s3p6-13.pddl,17,test_v1,042_p-VAL-c3s3p6-13.pddl,37,22,13,t1_le20,17
365_d17_t1_le20_073_p-VAL-c4s2p7-30.pddl,17,test_v1,073_p-VAL-c4s2p7-30.pddl,46,25,19,t1_le20,22
366_d17_t1_le20_084_p-VAL-c3s3p6-1.pddl,17,test_v1,084_p-VAL-c3s3p6-1.pddl,39,22,13,t1_le20,17
367_d17_t1_le20_085_p-VAL-c4s2p6-30.pddl,17,test_v1,085_p-VAL-c4s2p6-30.pddl,43,23,14,t1_le20,18
368_d17_t1_le20_099_p-VAL-c4s2p6-29.pddl,17,test_v1,099_p-VAL-c4s2p6-29.pddl,41,23,16,t1_le20,18
369_d17_t1_le20_115_p-VAL-c4s2p7-15.pddl,17,test_v1,115_p-VAL-c4s2p7-15.pddl,32,25,20,t1_le20,20
370_d17_t2_21_40_003_p-VAL-c4s2p7-18.pddl,17,test_v1,003_p-VAL-c4s2p7-18.pddl,46,25,21,t2_21_40,23
371_d17_t2_21_40_008_p-VAL-c4s3p8-22.pddl,17,test_v1,008_p-VAL-c4s3p8-22.pddl,53,30,23,t2_21_40,26
372_d17_t2_21_40_017_p-VAL-c4s2p7-28.pddl,17,test_v1,017_p-VAL-c4s2p7-28.pddl,39,25,22,t2_21_40,22
373_d17_t2_21_40_036_p-VAL-c4s3p8-13.pddl,17,test_v1,036_p-VAL-c4s3p8-13.pddl,55,30,24,t2_21_40,29
374_d17_t2_21_40_045_p-VAL-c4s2p7-17.pddl,17,test_v1,045_p-VAL-c4s2p7-17.pddl,36,25,21,t2_21_40,23
375_d17_t2_21_40_050_p-VAL-c4s3p8-23.pddl,17,test_v1,050_p-VAL-c4s3p8-23.pddl,46,30,26,t2_21_40,29
376_d17_t2_21_40_064_p-VAL-c4s3p8-2.pddl,17,test_v1,064_p-VAL-c4s3p8-2.pddl,40,30,26,t2_21_40,27
377_d17_t2_21_40_087_p-VAL-c4s2p7-6.pddl,17,test_v1,087_p-VAL-c4s2p7-6.pddl,42,25,22,t2_21_40,23
390_d18_t1_le20_000_p-VAL-c3s3p6-11.pddl,18,test_v1,000_p-VAL-c3s3p6-11.pddl,39,22,17,t1_le20,19
391_d18_t1_le20_001_p-VAL-c4s2p6-21.pddl,18,test_v1,001_p-VAL-c4s2p6-21.pddl,25,23,15,t1_le20,17
392_d18_t1_le20_015_p-VAL-c4s2p6-5.pddl,18,test_v1,015_p-VAL-c4s2p6-5.pddl,25,23,18,t1_le20,20
393_d18_t1_le20_028_p-VAL-c3s3p6-27.pddl,18,test_v1,028_p-VAL-c3s3p6-27.pddl,44,22,12,t1_le20,17
394_d18_t1_le20_042_p-VAL-c3s3p6-13.pddl,18,test_v1,042_p-VAL-c3s3p6-13.pddl,37,22,13,t1_le20,18
395_d18_t1_le20_073_p-VAL-c4s2p7-30.pddl,18,test_v1,073_p-VAL-c4s2p7-30.pddl,46,25,19,t1_le20,22
396_d18_t1_le20_084_p-VAL-c3s3p6-1.pddl,18,test_v1,084_p-VAL-c3s3p6-1.pddl,39,22,13,t1_le20,18
397_d18_t1_le20_085_p-VAL-c4s2p6-30.pddl,18,test_v1,085_p-VAL-c4s2p6-30.pddl,43,23,14,t1_le20,18
398_d18_t1_le20_099_p-VAL-c4s2p6-29.pddl,18,test_v1,099_p-VAL-c4s2p6-29.pddl,41,23,16,t1_le20,18
399_d18_t1_le20_115_p-VAL-c4s2p7-15.pddl,18,test_v1,115_p-VAL-c4s2p7-15.pddl,32,25,20,t1_le20,21
400_d18_t2_21_40_003_p-VAL-c4s2p7-18.pddl,18,test_v1,003_p-VAL-c4s2p7-18.pddl,46,25,21,t2_21_40,24
401_d18_t2_21_40_008_p-VAL-c4s3p8-22.pddl,18,test_v1,008_p-VAL-c4s3p8-22.pddl,53,30,23,t2_21_40,27
402_d18_t2_21_40_017_p-VAL-c4s2p7-28.pddl,18,test_v1,017_p-VAL-c4s2p7-28.pddl,39,25,22,t2_21_40,22
403_d18_t2_21_40_036_p-VAL-c4s3p8-13.pddl,18,test_v1,036_p-VAL-c4s3p8-13.pddl,55,30,24,t2_21_40,28
404_d18_t2_21_40_045_p-VAL-c4s2p7-17.pddl,18,test_v1,045_p-VAL-c4s2p7-17.pddl,36,25,21,t2_21_40,23
405_d18_t2_21_40_050_p-VAL-c4s3p8-23.pddl,18,test_v1,050_p-VAL-c4s3p8-23.pddl,46,30,26,t2_21_40,29
406_d18_t2_21_40_064_p-VAL-c4s3p8-2.pddl,18,test_v1,064_p-VAL-c4s3p8-2.pddl,40,30,26,t2_21_40,28
407_d18_t2_21_40_087_p-VAL-c4s2p7-6.pddl,18,test_v1,087_p-VAL-c4s2p7-6.pddl,42,25,22,t2_21_40,23
420_d19_t1_le20_000_p-VAL-c3s3p6-11.pddl,19,test_v1,000_p-VAL-c3s3p6-11.pddl,39,22,17,t1_le20,17
421_d19_t1_le20_001_p-VAL-c4s2p6-21.pddl,19,test_v1,001_p-VAL-c4s2p6-21.pddl,25,23,15,t1_le20,17
422_d19_t1_le20_015_p-VAL-c4s2p6-5.pddl,19,test_v1,015_p-VAL-c4s2p6-5.pddl,25,23,18,t1_le20,21
423_d19_t1_le20_028_p-VAL-c3s3p6-27.pddl,19,test_v1,028_p-VAL-c3s3p6-27.pddl,44,22,12,t1_le20,17
424_d19_t1_le20_042_p-VAL-c3s3p6-13.pddl,19,test_v1,042_p-VAL-c3s3p6-13.pddl,37,22,13,t1_le20,17
425_d19_t1_le20_073_p-VAL-c4s2p7-30.pddl,19,test_v1,073_p-VAL-c4s2p7-30.pddl,46,25,19,t1_le20,22
426_d19_t1_le20_084_p-VAL-c3s3p6-1.pddl,19,test_v1,084_p-VAL-c3s3p6-1.pddl,39,22,13,t1_le20,18
427_d19_t1_le20_085_p-VAL-c4s2p6-30.pddl,19,test_v1,085_p-VAL-c4s2p6-30.pddl,43,23,14,t1_le20,18
428_d19_t1_le20_099_p-VAL-c4s2p6-29.pddl,19,test_v1,099_p-VAL-c4s2p6-29.pddl,41,23,16,t1_le20,18
429_d19_t1_le20_115_p-VAL-c4s2p7-15.pddl,19,test_v1,115_p-VAL-c4s2p7-15.pddl,32,25,20,t1_le20,21
430_d19_t2_21_40_003_p-VAL-c4s2p7-18.pddl,19,test_v1,003_p-VAL-c4s2p7-18.pddl,46,25,21,t2_21_40,25
431_d19_t2_21_40_008_p-VAL-c4s3p8-22.pddl,19,test_v1,008_p-VAL-c4s3p8-22.pddl,53,30,23,t2_21_40,27
432_d19_t2_21_40_017_p-VAL-c4s2p7-28.pddl,19,test_v1,017_p-VAL-c4s2p7-28.pddl,39,25,22,t2_21_40,23
433_d19_t2_21_40_036_p-VAL-c4s3p8-13.pddl,19,test_v1,036_p-VAL-c4s3p8-13.pddl,55,30,24,t2_21_40,27
434_d19_t2_21_40_045_p-VAL-c4s2p7-17.pddl,19,test_v1,045_p-VAL-c4s2p7-17.pddl,36,25,21,t2_21_40,24
435_d19_t2_21_40_050_p-VAL-c4s3p8-23.pddl,19,test_v1,050_p-VAL-c4s3p8-23.pddl,46,30,26,t2_21_40,29
436_d19_t2_21_40_064_p-VAL-c4s3p8-2.pddl,19,test_v1,064_p-VAL-c4s3p8-2.pddl,40,30,26,t2_21_40,28
437_d19_t2_21_40_087_p-VAL-c4s2p7-6.pddl,19,test_v1,087_p-VAL-c4s2p7-6.pddl,42,25,22,t2_21_40,23
450_d20_t1_le20_000_p-VAL-c3s3p6-11.pddl,20,test_v1,000_p-VAL-c3s3p6-11.pddl,39,22,17,t1_le20,18
451_d20_t1_le20_001_p-VAL-c4s2p6-21.pddl,20,test_v1,001_p-VAL-c4s2p6-21.pddl,25,23,15,t1_le20,17
452_d20_t1_le20_015_p-VAL-c4s2p6-5.pddl,20,test_v1,015_p-VAL-c4s2p6-5.pddl,25,23,18,t1_le20,20
453_d20_t1_le20_028_p-VAL-c3s3p6-27.pddl,20,test_v1,028_p-VAL-c3s3p6-27.pddl,44,22,12,t1_le20,17
454_d20_t1_le20_042_p-VAL-c3s3p6-13.pddl,20,test_v1,042_p-VAL-c3s3p6-13.pddl,37,22,13,t1_le20,17
455_d20_t1_le20_073_p-VAL-c4s2p7-30.pddl,20,test_v1,073_p-VAL-c4s2p7-30.pddl,46,25,19,t1_le20,23
456_d20_t1_le20_084_p-VAL-c3s3p6-1.pddl,20,test_v1,084_p-VAL-c3s3p6-1.pddl,39,22,13,t1_le20,18
457_d20_t1_le20_085_p-VAL-c4s2p6-30.pddl,20,test_v1,085_p-VAL-c4s2p6-30.pddl,43,23,14,t1_le20,18
458_d20_t1_le20_099_p-VAL-c4s2p6-29.pddl,20,test_v1,099_p-VAL-c4s2p6-29.pddl,41,23,16,t1_le20,18
459_d20_t1_le20_115_p-VAL-c4s2p7-15.pddl,20,test_v1,115_p-VAL-c4s2p7-15.pddl,32,25,20,t1_le20,20
460_d20_t2_21_40_003_p-VAL-c4s2p7-18.pddl,20,test_v1,003_p-VAL-c4s2p7-18.pddl,46,25,21,t2_21_40,26
461_d20_t2_21_40_008_p-VAL-c4s3p8-22.pddl,20,test_v1,008_p-VAL-c4s3p8-22.pddl,53,30,23,t2_21_40,27
462_d20_t2_21_40_017_p-VAL-c4s2p7-28.pddl,20,test_v1,017_p-VAL-c4s2p7-28.pddl,39,25,22,t2_21_40,22
463_d20_t2_21_40_036_p-VAL-c4s3p8-13.pddl,20,test_v1,036_p-VAL-c4s3p8-13.pddl,55,30,24,t2_21_40,28
464_d20_t2_21_40_045_p-VAL-c4s2p7-17.pddl,20,test_v1,045_p-VAL-c4s2p7-17.pddl,36,25,21,t2_21_40,23
465_d20_t2_21_40_050_p-VAL-c4s3p8-23.pddl,20,test_v1,050_p-VAL-c4s3p8-23.pddl,46,30,26,t2_21_40,29
466_d20_t2_21_40_064_p-VAL-c4s3p8-2.pddl,20,test_v1,064_p-VAL-c4s3p8-2.pddl,40,30,26,t2_21_40,28
467_d20_t2_21_40_087_p-VAL-c4s2p7-6.pddl,20,test_v1,087_p-VAL-c4s2p7-6.pddl,42,25,22,t2_21_40,22
